{
    "Aura": "",
    "Aura2": "",
    "Aura3": "",
    "AuraCharges": 0,
    "AuraCharges2": 0,
    "AuraCharges3": 0,
    "AuraSelf": "",
    "AuraSelf2": "",
    "AuraSelf3": "",
    "AutoplayEndTurn": false,
    "AutoplayDraw": false,
    "CardUpgraded": "No",
    "BaseCard": "owlknightscreech",
    "UpgradedFrom": "",
    "UpgradesTo1": "owlknightscreecha",
    "UpgradesTo2": "owlknightscreechb",
    "UpgradesToRare": "owlknightscreechrare",
    "CardClass": "Special",
    "CardType": "Skill",
    "CardTypeAux": [],
    "CardName": "Screech",
    "CardRarity": "Uncommon",
    "Curse": "insane",
    "Curse2": "crack",
    "Curse3": "vulnerable",
    "CurseCharges": 3,
    "CurseCharges2": 3,
    "CurseCharges3": 1,
    "CurseSelf": "",
    "CurseSelf2": "",
    "CurseSelf3": "",
    "Damage": 0,
    "DamageSelf": 0,
    "DamageSides": 0,
    "DamageType": "None",
    "Damage2": 0,
    "DamageSelf2": 0,
    "DamageSides2": 0,
    "DamageType2": "None",
    "DamageEnergyBonus": 0,
    "DiscardCard": 0,
    "DiscardCardAutomatic": false,
    "DiscardCardPlace": "Discard",
    "DiscardCardType": "None",
    "DiscardCardTypeAux": [],
    "DispelAuras": 0,
    "DrawCard": 0,
    "EffectCastCenter": true,
    "EffectCaster": "",
    "EffectCasterRepeat": false,
    "EffectPreAction": "",
    "EffectTarget": "songimpact1",
    "EffectTrail": "",
    "EffectTrailAngle": "Horizontal",
    "AcEnergyBonus": "",
    "AcEnergyBonusQuantity": 0,
    "AcEnergyBonus2": "",
    "AcEnergyBonus2Quantity": 0,
    "EffectRepeat": 1,
    "EffectRepeatTarget": "Same",
    "EffectRepeatMaxBonus": 0,
    "EffectRepeatModificator": 0,
    "EffectRepeatEnergyBonus": 0,
    "EffectTrailRepeat": false,
    "EnergyCost": 1,
    "EnergyRecharge": 0,
    "Heal": 0,
    "HealAuraCurseName": "",
    "HealAuraCurseName2": "",
    "HealAuraCurseName3": "",
    "HealAuraCurseName4": "",
    "HealAuraCurseSelf": "",
    "HealCurses": 0,
    "HealEnergyBonus": 0,
    "HealSelf": 0,
    "HealSides": 0,
    "ID": "owlknightscreech",
    "IgnoreBlock": false,
    "IgnoreBlock2": false,
    "IncreaseAuras": 0,
    "IncreaseCurses": 0,
    "ReduceAuras": 0,
    "ReduceCurses": 0,
    "Innate": false,
    "LookCards": 0,
    "LookCardsDiscardUpTo": 0,
    "LookCardsVanishUpTo": 0,
    "SelfHealthLoss": 0,
    "Sound": "magicdebuff",
    "SoundPreAction": "owl_hoot_02",
    "SoundPreActionFemale": "",
    "Sprite": "owlscreech",
    "StealAuras": 0,
    "TransferCurses": 0,
    "TargetPosition": "Anywhere",
    "TargetSide": "Enemy",
    "TargetType": "Global",
    "Vanish": true,
    "GoldGainQuantity": 0,
    "ShardsGainQuantity": 0,
    "HealSelfPerDamageDonePercent": 0,
    "EffectRequired": "",
    "AuraChargesSpecialValue1": false,
    "AuraChargesSpecialValue2": false,
    "AuraChargesSpecialValueGlobal": false,
    "AuraCharges2SpecialValue1": false,
    "AuraCharges2SpecialValue2": false,
    "AuraCharges2SpecialValueGlobal": false,
    "AuraCharges3SpecialValue1": false,
    "AuraCharges3SpecialValue2": false,
    "AuraCharges3SpecialValueGlobal": false,
    "CurseChargesSpecialValue1": false,
    "CurseChargesSpecialValue2": false,
    "CurseChargesSpecialValueGlobal": false,
    "CurseCharges2SpecialValue1": false,
    "CurseCharges2SpecialValue2": false,
    "CurseCharges2SpecialValueGlobal": false,
    "CurseCharges3SpecialValue1": false,
    "CurseCharges3SpecialValue2": false,
    "CurseCharges3SpecialValueGlobal": false,
    "DamageSpecialValue1": false,
    "DamageSpecialValue2": false,
    "DamageSpecialValueGlobal": false,
    "Damage2SpecialValue1": false,
    "Damage2SpecialValue2": false,
    "Damage2SpecialValueGlobal": false,
    "HealSelfSpecialValue1": false,
    "HealSelfSpecialValue2": false,
    "HealSelfSpecialValueGlobal": false,
    "HealSpecialValue1": false,
    "HealSpecialValue2": false,
    "HealSpecialValueGlobal": false,
    "SelfHealthLossSpecialGlobal": false,
    "SelfHealthLossSpecialValue1": false,
    "SelfHealthLossSpecialValue2": false,
    "DrawCardSpecialValueGlobal": false,
    "EnergyRechargeSpecialValueGlobal": false,
    "SpecialAuraCurseName1": "",
    "SpecialAuraCurseName2": "",
    "SpecialAuraCurseNameGlobal": "",
    "SpecialValue1": "None",
    "SpecialValue2": "None",
    "SpecialValueGlobal": "None",
    "SpecialValueModifier1": 0,
    "SpecialValueModifier2": 0,
    "SpecialValueModifierGlobal": 0,
    "AddCard": 0,
    "AddCardChoose": 0,
    "AddCardReducedCost": 0,
    "AddCardCostTurn": false,
    "AddCardFrom": "Deck",
    "AddCardId": "",
    "AddCardList": [],
    "AddCardPlace": "Discard",
    "AddCardType": "None",
    "AddCardTypeAux": [],
    "AddCardVanish": false,
    "RelatedCard": "",
    "RelatedCard2": "",
    "RelatedCard3": "",
    "SummonAura": "",
    "SummonAura2": "",
    "SummonAura3": "",
    "SummonAuraCharges": 0,
    "SummonAuraCharges2": 0,
    "SummonAuraCharges3": 0,
    "SummonUnit": "",
    "SummonUnitNum": 0,
    "EffectPostCastDelay": 0.30000001192092896,
    "EffectPostTargetDelay": 0.10000000149011612,
    "EffectRepeatDelay": 0,
    "EffectTrailSpeed": 1,
    "IsPetAttack": false,
    "IsPetCast": false,
    "Lazy": false,
    "ModifiedByTrait": false,
    "MoveToCenter": true,
    "PetFront": true,
    "PetInvert": true,
    "PetModel": "",
    "PetOffset": "(0.00, 0.00)",
    "PetSize": "(1.00, 1.00)",
    "Playable": true,
    "PullTarget": 0,
    "PushTarget": 0,
    "SelfKillHiddenSeconds": 0,
    "ShowInTome": true,
    "Starter": true,
    "Visible": false,
    "CardNumber": 0,
    "CardTypeList": [],
    "Corrupted": false,
    "Description": "",
    "DescriptionID": "",
    "EndTurn": false,
    "EnergyCostForShow": 0,
    "EnergyReductionPermanent": 0,
    "EnergyReductionTemporal": 0,
    "EnergyReductionToZeroPermanent": false,
    "EnergyReductionToZeroTemporal": false,
    "ExhaustCounter": 0,
    "FlipSprite": false,
    "Fluff": "",
    "FluffPercent": 0,
    "KillPet": false,
    "MaxInDeck": 0,
    "OnlyInWeekly": false,
    "Sku": "",
    "Item": "",
    "ItemEnchantment": ""
}