{
    "ActionSound": "",
    "AutoUnlock": true,
    "Cards": [
        "{\n    \"UnitsInDeck\": 4,\n    \"Card\": \"barrier\"\n}",
        "{\n    \"UnitsInDeck\": 3,\n    \"Card\": \"shieldbash\"\n}",
        "{\n    \"UnitsInDeck\": 3,\n    \"Card\": \"mindblast\"\n}",
        "{\n    \"UnitsInDeck\": 2,\n    \"Card\": \"leapslam\"\n}",
        "{\n    \"UnitsInDeck\": 1,\n    \"Card\": \"barricade\"\n}",
        "{\n    \"UnitsInDeck\": 1,\n    \"Card\": \"clairvoyance\"\n}",
        "{\n    \"UnitsInDeck\": 1,\n    \"Card\": \"owlknightscreech\"\n}"
    ],
    "ChallengePack0": "guardian",
    "ChallengePack1": "protector",
    "ChallengePack2": "mentalist",
    "ChallengePack3": "paladin",
    "ChallengePack4": "seer",
    "ChallengePack5": "destroyer",
    "ChallengePack6": "brawler",
    "CharacterDescription": "Longing for Isolde, Tristan will do everything he can to protect his allies and vanquish his foes.",
    "CharacterDescriptionStrength": "This character excels at Blocking, Defense, and Mind Damage",
    "CharacterName": "Tristan",
    "Energy": 1,
    "EnergyTurn": 3,
    "Female": false,
    "FluffOffsetX": 0,
    "FluffOffsetY": 3.40000009536743,
    "HeroClass": "warrior",
    "HeroClassSecondary": "healer",
    "HitSound": "",
    "HP": 86,
    "ID": "owlknight",
    "Item": "owlknightowlguard",
    "MaxHP": [
        0,
        7,
        7,
        7,
        7
    ],
    "OrderInList": 5,
    "ResistSlashing": 15,
    "ResistBlunt": 10,
    "ResistPiercing": 15,
    "ResistFire": -5,
    "ResistCold": 15,
    "ResistLightning": -5,
    "ResistHoly": 5,
    "ResistShadow": 0,
    "ResistMind": 20,
    "Speed": 14,
    "SpriteBorderLocked": "tristanSilueta",
    "StickerBase": "",
    "StickerAngry": "",
    "StickerIndifferent": "",
    "StickerLove": "",
    "StickerSurprise": "",
    "StickerOffsetX": 0.100000001490116,
    "SubclassName": "Owlknight",
    "Trait0": "owlknighttrait0",
    "Trait1A": "owlknighttrait1a",
    "Trait1B": "owlknighttrait1b",
    "Trait2A": "owlknighttrait2a",
    "Trait2B": "owlknighttrait2b",
    "Trait3A": "owlknighttrait3a",
    "Trait3B": "owlknighttrait3b",
    "Trait4A": "owlknighttrait4a",
    "Trait4B": "owlknighttrait4b",
    "CardsSingularity": [
        "owlknightscreech",
        "barrier",
        "shieldbash",
        "mindblast",
        "bluff",
        "barricade",
        "clairvoyance",
        "intercept",
        "infusecourage",
        "bindingheal",
        "pommel",
        "leapslam",
        "mentalshake",
        "foresight",
        "repairarmor"
    ]
}